user_id,checkout_date,item_id
2fdb3958-ffc9-4b84-a49d-5f9f40e9469e,2017-12-20,26
2fdb3958-ffc9-4b84-a49d-5f9f40e9469e,2017-12-20,24
3a3e5fe6-39a7-4068-8009-3b9f649cb1aa,2017-12-20,7
3a3e5fe6-39a7-4068-8009-3b9f649cb1aa,2017-12-20,6
3a3e5fe6-39a7-4068-8009-3b9f649cb1aa,2017-12-20,12
3a3e5fe6-39a7-4068-8009-3b9f649cb1aa,2017-12-20,26
3a3e5fe6-39a7-4068-8009-3b9f649cb1aa,2017-12-20,2
b1bf3547-0c44-4371-907f-31bc75b9c593,2017-12-20,12
b1bf3547-0c44-4371-907f-31bc75b9c593,2017-12-20,17
b1bf3547-0c44-4371-907f-31bc75b9c593,2017-12-20,26
b1bf3547-0c44-4371-907f-31bc75b9c593,2017-12-20,2
313624e5-5331-4a05-ad3a-96786c3162a9,2017-12-20,27
313624e5-5331-4a05-ad3a-96786c3162a9,2017-12-20,7
313624e5-5331-4a05-ad3a-96786c3162a9,2017-12-20,16
313624e5-5331-4a05-ad3a-96786c3162a9,2017-12-20,22
313624e5-5331-4a05-ad3a-96786c3162a9,2017-12-20,32
bb246075-ce55-44df-aedd-32a15be914a6,2017-12-20,27
bb246075-ce55-44df-aedd-32a15be914a6,2017-12-20,9
bb246075-ce55-44df-aedd-32a15be914a6,2017-12-20,4
bb246075-ce55-44df-aedd-32a15be914a6,2017-12-20,14
c7de0c37-4809-4944-bebb-e1ab7a13747b,2017-12-20,20
c7de0c37-4809-4944-bebb-e1ab7a13747b,2017-12-20,18
175ca7ed-f9ef-4299-b7b5-3da5efc702a8,2017-12-20,4
175ca7ed-f9ef-4299-b7b5-3da5efc702a8,2017-12-20,18
175ca7ed-f9ef-4299-b7b5-3da5efc702a8,2017-12-20,17
175ca7ed-f9ef-4299-b7b5-3da5efc702a8,2017-12-20,19
175ca7ed-f9ef-4299-b7b5-3da5efc702a8,2017-12-20,23
17ec81d5-287d-41ea-9dcb-217d3af3b8f8,2017-12-20,10
022c0ce1-7432-40f5-8e79-e70acb004709,2017-12-20,5
022c0ce1-7432-40f5-8e79-e70acb004709,2017-12-20,25
022c0ce1-7432-40f5-8e79-e70acb004709,2017-12-20,10
b29b3db2-12d7-45b5-ab10-54691adefea7,2017-12-20,22
b29b3db2-12d7-45b5-ab10-54691adefea7,2017-12-20,31
aebb990e-6035-45ce-9c61-a463623eabcd,2017-12-20,30
aebb990e-6035-45ce-9c61-a463623eabcd,2017-12-20,14
ca8516f7-6970-4d29-b32d-2928248ecd44,2017-12-20,0
ca8516f7-6970-4d29-b32d-2928248ecd44,2017-12-20,1
ca8516f7-6970-4d29-b32d-2928248ecd44,2017-12-20,2
9e749aed-8223-4572-8bb7-e8df654eac16,2017-12-20,22
3cc320ca-6888-464f-bd15-ec81c6353e79,2017-12-20,21
5f8c0b7d-03a6-4bf1-8817-c15d1863551f,2017-12-20,14
5f8c0b7d-03a6-4bf1-8817-c15d1863551f,2017-12-20,22
b083e439-1650-43c7-91b3-15e2fbd2c1f5,2017-12-20,5
b083e439-1650-43c7-91b3-15e2fbd2c1f5,2017-12-20,24
3f28469b-e5bb-4397-b7f8-791e336676aa,2017-12-20,29
3f28469b-e5bb-4397-b7f8-791e336676aa,2017-12-20,19
2613ecba-d597-4f20-9d01-1915a75e4cf8,2017-12-20,23
2613ecba-d597-4f20-9d01-1915a75e4cf8,2017-12-20,10
2613ecba-d597-4f20-9d01-1915a75e4cf8,2017-12-20,16
2613ecba-d597-4f20-9d01-1915a75e4cf8,2017-12-20,13
8f00ad28-c8d7-4f5d-8f43-528e5e95a2f5,2017-12-20,29
2d750d82-fd55-488f-a2f7-6fcc54ed666d,2017-12-20,26
e5cc68dc-5c33-47d5-8c7d-e24adaa61b6a,2017-12-21,3
e5cc68dc-5c33-47d5-8c7d-e24adaa61b6a,2017-12-21,14
e5cc68dc-5c33-47d5-8c7d-e24adaa61b6a,2017-12-21,22
e5cc68dc-5c33-47d5-8c7d-e24adaa61b6a,2017-12-21,24
6cd159af-5e3d-48e1-a6da-875d4a0c7ec7,2017-12-21,29
6cd159af-5e3d-48e1-a6da-875d4a0c7ec7,2017-12-21,11
6cd159af-5e3d-48e1-a6da-875d4a0c7ec7,2017-12-21,2
6cd159af-5e3d-48e1-a6da-875d4a0c7ec7,2017-12-21,0
6cd159af-5e3d-48e1-a6da-875d4a0c7ec7,2017-12-21,25
9d8d2721-820c-4ff1-a96a-fb3c65e9587b,2017-12-21,21
23b5244a-e2e5-4559-91f6-e04372d52723,2017-12-21,9
f7608e0e-f1b1-4a44-bf7a-1421a5dfbc0c,2017-12-21,13
f7608e0e-f1b1-4a44-bf7a-1421a5dfbc0c,2017-12-21,6
f7608e0e-f1b1-4a44-bf7a-1421a5dfbc0c,2017-12-21,5
f7608e0e-f1b1-4a44-bf7a-1421a5dfbc0c,2017-12-21,19
f7608e0e-f1b1-4a44-bf7a-1421a5dfbc0c,2017-12-21,28
ef591a51-0b40-4a62-bb69-ae5bda94a06c,2017-12-21,4
ef591a51-0b40-4a62-bb69-ae5bda94a06c,2017-12-21,26
ef591a51-0b40-4a62-bb69-ae5bda94a06c,2017-12-21,30
ef591a51-0b40-4a62-bb69-ae5bda94a06c,2017-12-21,2
ef591a51-0b40-4a62-bb69-ae5bda94a06c,2017-12-21,27
1fe02ce7-c174-45df-8eaa-52952f3c2f31,2017-12-21,16
1fe02ce7-c174-45df-8eaa-52952f3c2f31,2017-12-21,27
1fe02ce7-c174-45df-8eaa-52952f3c2f31,2017-12-21,12
ce2eb6ae-27eb-48ca-8efe-b10fd6b55db8,2017-12-21,10
ce2eb6ae-27eb-48ca-8efe-b10fd6b55db8,2017-12-21,4
ce2eb6ae-27eb-48ca-8efe-b10fd6b55db8,2017-12-21,9
ce2eb6ae-27eb-48ca-8efe-b10fd6b55db8,2017-12-21,25
da0c8bd1-d2c3-4788-93b8-676640eba551,2017-12-21,17
da0c8bd1-d2c3-4788-93b8-676640eba551,2017-12-21,24
da0c8bd1-d2c3-4788-93b8-676640eba551,2017-12-21,27
da0c8bd1-d2c3-4788-93b8-676640eba551,2017-12-21,7
0ae74a0e-a91c-4db9-8ee2-8d945fa93cde,2017-12-21,19
0ae74a0e-a91c-4db9-8ee2-8d945fa93cde,2017-12-21,2
0ae74a0e-a91c-4db9-8ee2-8d945fa93cde,2017-12-21,15
0ae74a0e-a91c-4db9-8ee2-8d945fa93cde,2017-12-21,28
0ae74a0e-a91c-4db9-8ee2-8d945fa93cde,2017-12-21,11
92d1e7c3-2fef-4168-8cdb-e19c13c0a7e4,2017-12-21,3
92d1e7c3-2fef-4168-8cdb-e19c13c0a7e4,2017-12-21,29
bdf0c7cc-e458-4032-94f3-45bff3aad658,2017-12-21,17
bdf0c7cc-e458-4032-94f3-45bff3aad658,2017-12-21,11
bdf0c7cc-e458-4032-94f3-45bff3aad658,2017-12-21,29
bdf0c7cc-e458-4032-94f3-45bff3aad658,2017-12-21,12
bdf0c7cc-e458-4032-94f3-45bff3aad658,2017-12-21,19
1ad079f9-8cbd-4de4-977b-39a79251e312,2017-12-21,19
1ad079f9-8cbd-4de4-977b-39a79251e312,2017-12-21,15
1ad079f9-8cbd-4de4-977b-39a79251e312,2017-12-21,18
1ad079f9-8cbd-4de4-977b-39a79251e312,2017-12-21,3
1cb3d210-f82b-4ea0-82ab-86072b309357,2017-12-21,22
1cb3d210-f82b-4ea0-82ab-86072b309357,2017-12-21,23
1cb3d210-f82b-4ea0-82ab-86072b309357,2017-12-21,13
1cb3d210-f82b-4ea0-82ab-86072b309357,2017-12-21,14
bdbb7b5f-47d5-42fe-a1b5-6b9ea2b2831d,2017-12-21,18
bdbb7b5f-47d5-42fe-a1b5-6b9ea2b2831d,2017-12-21,27
bdbb7b5f-47d5-42fe-a1b5-6b9ea2b2831d,2017-12-21,3
bdbb7b5f-47d5-42fe-a1b5-6b9ea2b2831d,2017-12-21,11
76396716-389e-435c-b84b-c2c818bbfdbc,2017-12-21,27
76396716-389e-435c-b84b-c2c818bbfdbc,2017-12-21,5
76396716-389e-435c-b84b-c2c818bbfdbc,2017-12-21,4
c0a7fbd1-e278-48f5-9726-1d7c25389915,2017-12-21,18
d820ac9b-76a9-45c1-8db4-e2762ab2f5c8,2017-12-21,18
d820ac9b-76a9-45c1-8db4-e2762ab2f5c8,2017-12-21,30
d820ac9b-76a9-45c1-8db4-e2762ab2f5c8,2017-12-21,11
d820ac9b-76a9-45c1-8db4-e2762ab2f5c8,2017-12-21,29
d820ac9b-76a9-45c1-8db4-e2762ab2f5c8,2017-12-21,20
4cce0454-4ac8-43ed-9752-2fbdc5a5b81c,2017-12-21,17
4cce0454-4ac8-43ed-9752-2fbdc5a5b81c,2017-12-21,3
4cce0454-4ac8-43ed-9752-2fbdc5a5b81c,2017-12-21,18
4cce0454-4ac8-43ed-9752-2fbdc5a5b81c,2017-12-21,6
24d1d603-da3a-46b3-9c8e-1e7710dfee70,2017-12-21,27
24d1d603-da3a-46b3-9c8e-1e7710dfee70,2017-12-21,2
d9982e11-2013-42a2-bcf3-8c1797448847,2017-12-21,31
d9982e11-2013-42a2-bcf3-8c1797448847,2017-12-21,14
d9982e11-2013-42a2-bcf3-8c1797448847,2017-12-21,21
d9982e11-2013-42a2-bcf3-8c1797448847,2017-12-21,18
d9982e11-2013-42a2-bcf3-8c1797448847,2017-12-21,26
ea5cb081-19ef-4818-9f1c-c2b141f16d5f,2017-12-21,24
3ede358f-8061-4445-b661-78960b012a8d,2017-12-21,16
3ede358f-8061-4445-b661-78960b012a8d,2017-12-21,13
3ede358f-8061-4445-b661-78960b012a8d,2017-12-21,5
3ede358f-8061-4445-b661-78960b012a8d,2017-12-21,1
a5367f25-049b-43bf-ad1e-67ea7878ccf5,2017-12-21,25
a5367f25-049b-43bf-ad1e-67ea7878ccf5,2017-12-21,6
a5367f25-049b-43bf-ad1e-67ea7878ccf5,2017-12-21,20
a5367f25-049b-43bf-ad1e-67ea7878ccf5,2017-12-21,22
a5367f25-049b-43bf-ad1e-67ea7878ccf5,2017-12-21,5
b93dff71-e78f-44e9-a786-f9d83dc75b76,2017-12-21,23
b93dff71-e78f-44e9-a786-f9d83dc75b76,2017-12-21,25
7abd2ede-dfa0-4ea6-a31e-56b80f1888e8,2017-12-21,12
7abd2ede-dfa0-4ea6-a31e-56b80f1888e8,2017-12-21,9
7abd2ede-dfa0-4ea6-a31e-56b80f1888e8,2017-12-21,19
c4ee7582-5d8b-4220-83c1-66e9e27ed980,2017-12-21,25
c4ee7582-5d8b-4220-83c1-66e9e27ed980,2017-12-21,27
c4ee7582-5d8b-4220-83c1-66e9e27ed980,2017-12-21,12
c4ee7582-5d8b-4220-83c1-66e9e27ed980,2017-12-21,10
c4ee7582-5d8b-4220-83c1-66e9e27ed980,2017-12-21,5
ed79651d-9585-4538-ba78-93bf594bcf3a,2017-12-21,0
192211c8-1ceb-4bf4-8188-77645976e233,2017-12-21,7
192211c8-1ceb-4bf4-8188-77645976e233,2017-12-21,23
cc922780-ffa6-4223-a885-f1cd117bea61,2017-12-21,24
3a679296-584f-49b1-83b7-76f68af98912,2017-12-21,5
3a679296-584f-49b1-83b7-76f68af98912,2017-12-21,27
3a679296-584f-49b1-83b7-76f68af98912,2017-12-21,31
3a679296-584f-49b1-83b7-76f68af98912,2017-12-21,20
d1d13a8f-eed8-4dcd-bfdc-d2d3ae2e81c6,2017-12-21,27
d1d13a8f-eed8-4dcd-bfdc-d2d3ae2e81c6,2017-12-21,9
d1d13a8f-eed8-4dcd-bfdc-d2d3ae2e81c6,2017-12-21,19
d1d13a8f-eed8-4dcd-bfdc-d2d3ae2e81c6,2017-12-21,5
6a8165af-c155-4e19-8b77-df74e0ccffd5,2017-12-21,28
708a69be-0632-498c-a893-3f6fe86d7c38,2017-12-22,6
708a69be-0632-498c-a893-3f6fe86d7c38,2017-12-22,3
c9ba034a-522c-45ed-a56d-dd8e7189ae60,2017-12-22,24
c9ba034a-522c-45ed-a56d-dd8e7189ae60,2017-12-22,31
c9ba034a-522c-45ed-a56d-dd8e7189ae60,2017-12-22,21
c9ba034a-522c-45ed-a56d-dd8e7189ae60,2017-12-22,16
8a08c034-e723-4f60-9581-dbc2e74ae1da,2017-12-22,26
8a08c034-e723-4f60-9581-dbc2e74ae1da,2017-12-22,32
8a08c034-e723-4f60-9581-dbc2e74ae1da,2017-12-22,1
8a08c034-e723-4f60-9581-dbc2e74ae1da,2017-12-22,4
d66fdc88-1924-4f4d-acd4-f3e3642302f4,2017-12-22,1
d66fdc88-1924-4f4d-acd4-f3e3642302f4,2017-12-22,7
d66fdc88-1924-4f4d-acd4-f3e3642302f4,2017-12-22,8
d66fdc88-1924-4f4d-acd4-f3e3642302f4,2017-12-22,21
2bcb01f9-0a25-4dc8-9a98-d74f5eb0b70e,2017-12-22,11
2bcb01f9-0a25-4dc8-9a98-d74f5eb0b70e,2017-12-22,14
2bcb01f9-0a25-4dc8-9a98-d74f5eb0b70e,2017-12-22,6
2bcb01f9-0a25-4dc8-9a98-d74f5eb0b70e,2017-12-22,18
2bcb01f9-0a25-4dc8-9a98-d74f5eb0b70e,2017-12-22,23
38469eed-4870-4ba1-ab06-6ea5ee1ef14d,2017-12-22,21
38469eed-4870-4ba1-ab06-6ea5ee1ef14d,2017-12-22,15
38469eed-4870-4ba1-ab06-6ea5ee1ef14d,2017-12-22,14
38469eed-4870-4ba1-ab06-6ea5ee1ef14d,2017-12-22,30
28822d74-9328-409e-99f3-2ae07214420e,2017-12-22,24
28822d74-9328-409e-99f3-2ae07214420e,2017-12-22,3
28822d74-9328-409e-99f3-2ae07214420e,2017-12-22,32
c8b88c83-f55f-485b-9a06-238a9ce1f611,2017-12-22,17
5a1abde1-e8c3-4ab6-b5e4-18eda6828f36,2017-12-22,14
5a1abde1-e8c3-4ab6-b5e4-18eda6828f36,2017-12-22,27
3358b1e9-3ce5-41e6-bddf-8356a5179321,2017-12-22,9
3358b1e9-3ce5-41e6-bddf-8356a5179321,2017-12-22,21
6df5a67d-2beb-49aa-8952-3d3bfe14ff3c,2017-12-22,8
6df5a67d-2beb-49aa-8952-3d3bfe14ff3c,2017-12-22,22
6df5a67d-2beb-49aa-8952-3d3bfe14ff3c,2017-12-22,31
7150dc6d-50c9-417c-ac74-6aa1d8685df0,2017-12-22,13
7150dc6d-50c9-417c-ac74-6aa1d8685df0,2017-12-22,29
7150dc6d-50c9-417c-ac74-6aa1d8685df0,2017-12-22,25
7150dc6d-50c9-417c-ac74-6aa1d8685df0,2017-12-22,23
7150dc6d-50c9-417c-ac74-6aa1d8685df0,2017-12-22,24
4b867eca-2778-4fc1-ac8f-53f20c14658d,2017-12-22,25
4b867eca-2778-4fc1-ac8f-53f20c14658d,2017-12-22,28
4b867eca-2778-4fc1-ac8f-53f20c14658d,2017-12-22,16
4b867eca-2778-4fc1-ac8f-53f20c14658d,2017-12-22,30
4b867eca-2778-4fc1-ac8f-53f20c14658d,2017-12-22,8
65c39068-30e1-4840-a285-32fb5ef7aa4b,2017-12-22,30
65c39068-30e1-4840-a285-32fb5ef7aa4b,2017-12-22,14
65c39068-30e1-4840-a285-32fb5ef7aa4b,2017-12-22,20
f4c2639b-2f59-49dd-9830-8d1d183d0565,2017-12-22,4
f4c2639b-2f59-49dd-9830-8d1d183d0565,2017-12-22,31
f4c2639b-2f59-49dd-9830-8d1d183d0565,2017-12-22,12
0eab0814-aaa0-431a-afd2-020fbc92523e,2017-12-22,15
0eab0814-aaa0-431a-afd2-020fbc92523e,2017-12-22,11
0eab0814-aaa0-431a-afd2-020fbc92523e,2017-12-22,3
8d635bc3-e846-482c-93e1-61717766583d,2017-12-22,29
8d635bc3-e846-482c-93e1-61717766583d,2017-12-22,6
229f8df8-e5ac-49ec-8a8d-193fb7983894,2017-12-22,12
f2a415f9-0f82-43ad-8d57-365f4cb6f29f,2017-12-22,22
f2a415f9-0f82-43ad-8d57-365f4cb6f29f,2017-12-22,5
16d560ec-c0c4-4dd4-9f0f-1e5867d01a78,2017-12-22,8
16d560ec-c0c4-4dd4-9f0f-1e5867d01a78,2017-12-22,25
16d560ec-c0c4-4dd4-9f0f-1e5867d01a78,2017-12-22,32
104e7e28-33e8-405a-a36f-ad8b55d76179,2017-12-22,14
104e7e28-33e8-405a-a36f-ad8b55d76179,2017-12-22,17
104e7e28-33e8-405a-a36f-ad8b55d76179,2017-12-22,1
104e7e28-33e8-405a-a36f-ad8b55d76179,2017-12-22,28
715c90a2-00f9-4337-98fe-43eb8964f717,2017-12-22,1
715c90a2-00f9-4337-98fe-43eb8964f717,2017-12-22,2
715c90a2-00f9-4337-98fe-43eb8964f717,2017-12-22,26
715c90a2-00f9-4337-98fe-43eb8964f717,2017-12-22,5
32ee55e7-d538-4d4c-8dff-8700c0401edc,2017-12-22,10
32ee55e7-d538-4d4c-8dff-8700c0401edc,2017-12-22,1
32ee55e7-d538-4d4c-8dff-8700c0401edc,2017-12-22,32
32ee55e7-d538-4d4c-8dff-8700c0401edc,2017-12-22,23
33e58354-4de9-4087-8780-e711c6c018c1,2017-12-22,32
33e58354-4de9-4087-8780-e711c6c018c1,2017-12-22,11
33e58354-4de9-4087-8780-e711c6c018c1,2017-12-22,0
33e58354-4de9-4087-8780-e711c6c018c1,2017-12-22,3
33e58354-4de9-4087-8780-e711c6c018c1,2017-12-22,23
0ba49086-4172-4e45-8eb5-12d4bbb06f24,2017-12-22,6
99ef7fa8-ae55-4c03-b640-5ebb4485ca49,2017-12-22,7
99ef7fa8-ae55-4c03-b640-5ebb4485ca49,2017-12-22,17
99ef7fa8-ae55-4c03-b640-5ebb4485ca49,2017-12-22,11
99ef7fa8-ae55-4c03-b640-5ebb4485ca49,2017-12-22,27
99ef7fa8-ae55-4c03-b640-5ebb4485ca49,2017-12-22,28
e7d0a403-d0d4-4a50-8155-90b3c5d177d6,2017-12-22,21
e7d0a403-d0d4-4a50-8155-90b3c5d177d6,2017-12-22,32
e7d0a403-d0d4-4a50-8155-90b3c5d177d6,2017-12-22,8
e7d0a403-d0d4-4a50-8155-90b3c5d177d6,2017-12-22,24
6c8f52c3-72ce-42ff-a42e-d34508c350b6,2017-12-22,1
6c8f52c3-72ce-42ff-a42e-d34508c350b6,2017-12-22,2
6c8f52c3-72ce-42ff-a42e-d34508c350b6,2017-12-22,8
32784279-5c4f-4e90-930f-649c72f28338,2017-12-22,0
32784279-5c4f-4e90-930f-649c72f28338,2017-12-22,11
32784279-5c4f-4e90-930f-649c72f28338,2017-12-22,9
64c120b2-4d0b-442e-9d37-e28a7c7000b5,2017-12-22,3
64c120b2-4d0b-442e-9d37-e28a7c7000b5,2017-12-22,16
64c120b2-4d0b-442e-9d37-e28a7c7000b5,2017-12-22,0
64c120b2-4d0b-442e-9d37-e28a7c7000b5,2017-12-22,18
51061596-76a9-4517-85f7-b4c72f0be593,2017-12-22,32
dbaf08d9-7a7f-4c24-874e-5d6a419593ca,2017-12-22,19
159a5497-b14b-4344-8168-68d5db20db50,2017-12-22,32
159a5497-b14b-4344-8168-68d5db20db50,2017-12-22,9
159a5497-b14b-4344-8168-68d5db20db50,2017-12-22,8
159a5497-b14b-4344-8168-68d5db20db50,2017-12-22,27
159a5497-b14b-4344-8168-68d5db20db50,2017-12-22,30
4cefc91e-7d6d-442b-90b1-4b1d572184fe,2017-12-22,8
4cefc91e-7d6d-442b-90b1-4b1d572184fe,2017-12-22,21
4cefc91e-7d6d-442b-90b1-4b1d572184fe,2017-12-22,24
4cefc91e-7d6d-442b-90b1-4b1d572184fe,2017-12-22,30
27154da4-248d-47dd-ab44-4d9967bde956,2017-12-22,25
27154da4-248d-47dd-ab44-4d9967bde956,2017-12-22,12
27154da4-248d-47dd-ab44-4d9967bde956,2017-12-22,16
4b6050bc-ea4c-4ec7-af1b-ae22a7e90649,2017-12-22,13
4b6050bc-ea4c-4ec7-af1b-ae22a7e90649,2017-12-22,7
4b6050bc-ea4c-4ec7-af1b-ae22a7e90649,2017-12-22,12
4e29252d-becc-4202-86d5-978aeecda971,2017-12-22,14
4e29252d-becc-4202-86d5-978aeecda971,2017-12-22,17
d32d5c86-04b4-40ce-be1c-2816c4e84ae1,2017-12-22,8
d32d5c86-04b4-40ce-be1c-2816c4e84ae1,2017-12-22,13
517daa0d-6b71-4993-b44e-3d04b8f15381,2017-12-22,30
517daa0d-6b71-4993-b44e-3d04b8f15381,2017-12-22,0
517daa0d-6b71-4993-b44e-3d04b8f15381,2017-12-22,32
517daa0d-6b71-4993-b44e-3d04b8f15381,2017-12-22,16
0e7b5435-ee4e-4f15-bc15-0b8cf6f78df1,2017-12-22,11
e6cbafdc-ab93-4e36-87a2-b273f45b0b19,2017-12-22,26
e6cbafdc-ab93-4e36-87a2-b273f45b0b19,2017-12-22,5
e6cbafdc-ab93-4e36-87a2-b273f45b0b19,2017-12-22,17
a5140f99-2cae-489d-ac98-9220aea569d4,2017-12-22,7
a5140f99-2cae-489d-ac98-9220aea569d4,2017-12-22,20
a5140f99-2cae-489d-ac98-9220aea569d4,2017-12-22,31
a5140f99-2cae-489d-ac98-9220aea569d4,2017-12-22,13
02f76ebe-7125-4196-9df2-1c90969d7c70,2017-12-22,25
02f76ebe-7125-4196-9df2-1c90969d7c70,2017-12-22,23
02f76ebe-7125-4196-9df2-1c90969d7c70,2017-12-22,12
02f76ebe-7125-4196-9df2-1c90969d7c70,2017-12-22,13
02f76ebe-7125-4196-9df2-1c90969d7c70,2017-12-22,18
8f7c5e67-a715-4cc6-8123-1f5d26feff27,2017-12-22,16
f5befa4b-7add-4416-9985-b37da3f6f8f9,2017-12-22,31
f5befa4b-7add-4416-9985-b37da3f6f8f9,2017-12-22,11
f5befa4b-7add-4416-9985-b37da3f6f8f9,2017-12-22,10
ec8b53f5-1be8-42b0-b054-8f20296948bb,2017-12-22,6
ec8b53f5-1be8-42b0-b054-8f20296948bb,2017-12-22,29
ec8b53f5-1be8-42b0-b054-8f20296948bb,2017-12-22,21
ec8b53f5-1be8-42b0-b054-8f20296948bb,2017-12-22,25
ec8b53f5-1be8-42b0-b054-8f20296948bb,2017-12-22,18
d48cbf46-0f68-4c53-9bfd-dc13d28be7d3,2017-12-22,10
d48cbf46-0f68-4c53-9bfd-dc13d28be7d3,2017-12-22,24
25f1639e-7189-4077-ade3-3258e4b1dacd,2017-12-22,22
25f1639e-7189-4077-ade3-3258e4b1dacd,2017-12-22,17
25f1639e-7189-4077-ade3-3258e4b1dacd,2017-12-22,7
25f1639e-7189-4077-ade3-3258e4b1dacd,2017-12-22,31
25f1639e-7189-4077-ade3-3258e4b1dacd,2017-12-22,30
20ca85fb-2b3a-4bfa-b442-d293a505c7cb,2017-12-22,23
20ca85fb-2b3a-4bfa-b442-d293a505c7cb,2017-12-22,24
dbe95436-f380-42a1-a5da-acbb92e43bbc,2017-12-22,12
dbe95436-f380-42a1-a5da-acbb92e43bbc,2017-12-22,21
1cbcf1d8-34d2-4bce-8c5f-acc7faa701a1,2017-12-22,19
1cbcf1d8-34d2-4bce-8c5f-acc7faa701a1,2017-12-22,11
1cbcf1d8-34d2-4bce-8c5f-acc7faa701a1,2017-12-22,12
dbb68108-f910-43c0-9df4-6834b2f27cb8,2017-12-22,8
dbb68108-f910-43c0-9df4-6834b2f27cb8,2017-12-22,30
dbb68108-f910-43c0-9df4-6834b2f27cb8,2017-12-22,15
8be715ca-2d7d-4b14-934f-a5b398861f66,2017-12-22,21
8be715ca-2d7d-4b14-934f-a5b398861f66,2017-12-22,28
8be715ca-2d7d-4b14-934f-a5b398861f66,2017-12-22,30
8be715ca-2d7d-4b14-934f-a5b398861f66,2017-12-22,0
1d6419a7-dc3c-4eee-8c66-683d88796026,2017-12-22,16
1d6419a7-dc3c-4eee-8c66-683d88796026,2017-12-22,6
1d6419a7-dc3c-4eee-8c66-683d88796026,2017-12-22,7
1d6419a7-dc3c-4eee-8c66-683d88796026,2017-12-22,31
1d6419a7-dc3c-4eee-8c66-683d88796026,2017-12-22,11
f14f75d7-638a-41a7-bfb6-452ff57309e2,2017-12-22,12
f14f75d7-638a-41a7-bfb6-452ff57309e2,2017-12-22,19
9bf60521-8e04-4dc7-84cd-e6b1cf1b50b6,2017-12-22,26
fd851b4a-f691-4db0-a767-c64cdb0adac9,2017-12-22,8
fd851b4a-f691-4db0-a767-c64cdb0adac9,2017-12-22,14
667dc6a9-ec78-4da3-9205-6eda97241cf0,2017-12-22,24
667dc6a9-ec78-4da3-9205-6eda97241cf0,2017-12-22,2
667dc6a9-ec78-4da3-9205-6eda97241cf0,2017-12-22,14
8076b846-4b67-4cbb-adc2-248c34239a61,2017-12-22,6
8076b846-4b67-4cbb-adc2-248c34239a61,2017-12-22,0
fe2f8178-a202-424b-b006-e159a71cbd80,2017-12-22,29
fe2f8178-a202-424b-b006-e159a71cbd80,2017-12-22,4
fe2f8178-a202-424b-b006-e159a71cbd80,2017-12-22,20
581a4dae-b2bd-4270-bc15-46e7eb83fa0a,2017-12-22,10
581a4dae-b2bd-4270-bc15-46e7eb83fa0a,2017-12-22,28
581a4dae-b2bd-4270-bc15-46e7eb83fa0a,2017-12-22,22
581a4dae-b2bd-4270-bc15-46e7eb83fa0a,2017-12-22,11
581a4dae-b2bd-4270-bc15-46e7eb83fa0a,2017-12-22,29
43d155c3-8ae7-433c-95b3-763036b45746,2017-12-22,22
43d155c3-8ae7-433c-95b3-763036b45746,2017-12-22,5
43d155c3-8ae7-433c-95b3-763036b45746,2017-12-22,15
43d155c3-8ae7-433c-95b3-763036b45746,2017-12-22,21
46f9d5d0-e30e-4f57-98e0-26433a26532d,2017-12-23,6
46f9d5d0-e30e-4f57-98e0-26433a26532d,2017-12-23,31
46f9d5d0-e30e-4f57-98e0-26433a26532d,2017-12-23,20
46f9d5d0-e30e-4f57-98e0-26433a26532d,2017-12-23,14
3ffab2eb-1c11-4515-8f44-fffff771e143,2017-12-23,5
3ffab2eb-1c11-4515-8f44-fffff771e143,2017-12-23,31
3ffab2eb-1c11-4515-8f44-fffff771e143,2017-12-23,32
3ffab2eb-1c11-4515-8f44-fffff771e143,2017-12-23,11
3ffab2eb-1c11-4515-8f44-fffff771e143,2017-12-23,26
a9e9aeda-ea5c-4cf4-a175-e4d143d5c04b,2017-12-23,7
a9e9aeda-ea5c-4cf4-a175-e4d143d5c04b,2017-12-23,25
ae501401-23b7-4e43-8a0b-67683c31a6d9,2017-12-23,26
ae501401-23b7-4e43-8a0b-67683c31a6d9,2017-12-23,24
ae501401-23b7-4e43-8a0b-67683c31a6d9,2017-12-23,5
ae501401-23b7-4e43-8a0b-67683c31a6d9,2017-12-23,18
639f3d4a-b260-4c29-a8a1-aed4ea5699ec,2017-12-23,19
e0afb9fd-9d5b-4010-8d67-03677086e0dd,2017-12-23,23
e0afb9fd-9d5b-4010-8d67-03677086e0dd,2017-12-23,5
2d6429fa-ba40-4a28-b22a-60dc9525afa8,2017-12-23,17
9f518146-363c-4a56-9a6e-49198fd50dc7,2017-12-23,1
03b5896d-1256-4d38-86cd-26fd7e0460ce,2017-12-23,11
03b5896d-1256-4d38-86cd-26fd7e0460ce,2017-12-23,26
03b5896d-1256-4d38-86cd-26fd7e0460ce,2017-12-23,27
10d6737a-96f9-4c12-9224-727843963b1e,2017-12-23,30
10d6737a-96f9-4c12-9224-727843963b1e,2017-12-23,4
f7f81f98-16b2-4173-8a12-233885a384b8,2017-12-23,17
faf11340-2dc2-4e4d-849f-0888f093a143,2017-12-23,5
faf11340-2dc2-4e4d-849f-0888f093a143,2017-12-23,32
faf11340-2dc2-4e4d-849f-0888f093a143,2017-12-23,6
d2754cf4-3149-40b2-ae6b-58b1557f9cf1,2017-12-23,28
d2754cf4-3149-40b2-ae6b-58b1557f9cf1,2017-12-23,25
12fff9d9-7cc7-4432-ac6f-58dba2776e6c,2017-12-23,28
12fff9d9-7cc7-4432-ac6f-58dba2776e6c,2017-12-23,3
4dd3ca92-3449-4d81-870a-a2e66edef7d4,2017-12-23,28
4dd3ca92-3449-4d81-870a-a2e66edef7d4,2017-12-23,2
4dd3ca92-3449-4d81-870a-a2e66edef7d4,2017-12-23,8
1bb754f6-f1f8-4378-a744-38b76f6a50aa,2017-12-23,23
1bb754f6-f1f8-4378-a744-38b76f6a50aa,2017-12-23,29
1bb754f6-f1f8-4378-a744-38b76f6a50aa,2017-12-23,21
1bb754f6-f1f8-4378-a744-38b76f6a50aa,2017-12-23,11
1bb754f6-f1f8-4378-a744-38b76f6a50aa,2017-12-23,7
5496e6af-e0ac-45c7-9e7e-e685f0aa508a,2017-12-23,25
5496e6af-e0ac-45c7-9e7e-e685f0aa508a,2017-12-23,6
5496e6af-e0ac-45c7-9e7e-e685f0aa508a,2017-12-23,22
63eacf7b-7abd-4aaf-a284-89459f1695c2,2017-12-23,25
63eacf7b-7abd-4aaf-a284-89459f1695c2,2017-12-23,9
63eacf7b-7abd-4aaf-a284-89459f1695c2,2017-12-23,11
222baa18-7945-4f3c-8e29-15f9be5d93b1,2017-12-23,11
222baa18-7945-4f3c-8e29-15f9be5d93b1,2017-12-23,4
222baa18-7945-4f3c-8e29-15f9be5d93b1,2017-12-23,1
222baa18-7945-4f3c-8e29-15f9be5d93b1,2017-12-23,31
5325739a-47b4-4b63-8b45-2862821a5efb,2017-12-23,21
5325739a-47b4-4b63-8b45-2862821a5efb,2017-12-23,20
5325739a-47b4-4b63-8b45-2862821a5efb,2017-12-23,9
5325739a-47b4-4b63-8b45-2862821a5efb,2017-12-23,19
d1a1b972-2fc5-4105-83f5-91b0feb089b3,2017-12-23,31
d1a1b972-2fc5-4105-83f5-91b0feb089b3,2017-12-23,21
d1a1b972-2fc5-4105-83f5-91b0feb089b3,2017-12-23,5
d5932dc1-5c28-4615-a0bf-7cafc0848ce1,2017-12-23,25
d5932dc1-5c28-4615-a0bf-7cafc0848ce1,2017-12-23,15
d5932dc1-5c28-4615-a0bf-7cafc0848ce1,2017-12-23,6
00e22250-9433-48b2-b406-26664337aed8,2017-12-23,7
e38d5242-72dc-41d6-9e7e-c8d642565035,2017-12-23,22
5824d018-76cf-4da4-a981-5dfab54d74d5,2017-12-23,1
5824d018-76cf-4da4-a981-5dfab54d74d5,2017-12-23,15
5824d018-76cf-4da4-a981-5dfab54d74d5,2017-12-23,11
5824d018-76cf-4da4-a981-5dfab54d74d5,2017-12-23,3
5824d018-76cf-4da4-a981-5dfab54d74d5,2017-12-23,21
3ab3733b-82a8-4c24-b8db-7b90c3fd94de,2017-12-23,6
0af1be9a-dc55-4e41-94fb-04e04d9c96e5,2017-12-23,28
0af1be9a-dc55-4e41-94fb-04e04d9c96e5,2017-12-23,8
0af1be9a-dc55-4e41-94fb-04e04d9c96e5,2017-12-23,1
f4d9a380-fff8-456c-a5d9-725e7e1c8eb7,2017-12-23,30
5dbb1b92-4f9f-4801-b11c-c03c088cb5f0,2017-12-23,3
5dbb1b92-4f9f-4801-b11c-c03c088cb5f0,2017-12-23,21
5dbb1b92-4f9f-4801-b11c-c03c088cb5f0,2017-12-23,18
5dbb1b92-4f9f-4801-b11c-c03c088cb5f0,2017-12-23,4
5dbb1b92-4f9f-4801-b11c-c03c088cb5f0,2017-12-23,17
9ff6fdc6-b161-4f8c-ae12-c1d2512bd6f7,2017-12-23,32
9ff6fdc6-b161-4f8c-ae12-c1d2512bd6f7,2017-12-23,24
ab07978a-f729-4547-b03b-cf9dcb8afafb,2017-12-23,10
ab07978a-f729-4547-b03b-cf9dcb8afafb,2017-12-23,22
ab07978a-f729-4547-b03b-cf9dcb8afafb,2017-12-23,1
ab07978a-f729-4547-b03b-cf9dcb8afafb,2017-12-23,32
1878598e-460a-4bac-8f75-f3c5cdcb739a,2017-12-23,8
1878598e-460a-4bac-8f75-f3c5cdcb739a,2017-12-23,18
1878598e-460a-4bac-8f75-f3c5cdcb739a,2017-12-23,6
d8ed7a2a-5295-4bdc-8db7-2ae654cc9665,2017-12-23,10
d8ed7a2a-5295-4bdc-8db7-2ae654cc9665,2017-12-23,9
d8ed7a2a-5295-4bdc-8db7-2ae654cc9665,2017-12-23,5
d8ed7a2a-5295-4bdc-8db7-2ae654cc9665,2017-12-23,30
b9429bba-9f01-4811-afbd-0fd58739122a,2017-12-23,15
421d560e-e82d-4901-9503-5790531fa7a5,2017-12-23,1
421d560e-e82d-4901-9503-5790531fa7a5,2017-12-23,20
5f6da75f-2ef9-41d7-af65-c5f39259c988,2017-12-23,28
f810952e-86a0-49c9-819f-f468ee74934b,2017-12-23,28
160ca1f5-eca7-450d-adda-bf6e57932fb1,2017-12-23,7
160ca1f5-eca7-450d-adda-bf6e57932fb1,2017-12-23,29
160ca1f5-eca7-450d-adda-bf6e57932fb1,2017-12-23,15
160ca1f5-eca7-450d-adda-bf6e57932fb1,2017-12-23,19
160ca1f5-eca7-450d-adda-bf6e57932fb1,2017-12-23,5
09c3bdf8-f317-4dd7-8657-2b176d5241c3,2017-12-23,1
09c3bdf8-f317-4dd7-8657-2b176d5241c3,2017-12-23,23
9dc7063d-4134-48b9-8812-b8a60fd66d9f,2017-12-23,15
9dc7063d-4134-48b9-8812-b8a60fd66d9f,2017-12-23,2
9dc7063d-4134-48b9-8812-b8a60fd66d9f,2017-12-23,23
9dc7063d-4134-48b9-8812-b8a60fd66d9f,2017-12-23,13
00aeeaa5-47f6-489d-8009-308209f1bb62,2017-12-23,17
00aeeaa5-47f6-489d-8009-308209f1bb62,2017-12-23,22
00aeeaa5-47f6-489d-8009-308209f1bb62,2017-12-23,24
00aeeaa5-47f6-489d-8009-308209f1bb62,2017-12-23,1
020f710d-8b89-4115-8249-ed14ea4566dc,2017-12-23,2
020f710d-8b89-4115-8249-ed14ea4566dc,2017-12-23,32
020f710d-8b89-4115-8249-ed14ea4566dc,2017-12-23,31
8c15f048-ca4e-4ff4-9a09-43089f699515,2017-12-23,12
b2af7a32-3c1a-4111-bae4-67df13bddba1,2017-12-23,21
7f69f64e-d13c-4025-a4cf-d64862f003ae,2017-12-23,24
7f69f64e-d13c-4025-a4cf-d64862f003ae,2017-12-23,15
7f69f64e-d13c-4025-a4cf-d64862f003ae,2017-12-23,27
7f69f64e-d13c-4025-a4cf-d64862f003ae,2017-12-23,10
81c2a60b-bfca-4572-babf-7c4f710f3ae3,2017-12-23,27
81c2a60b-bfca-4572-babf-7c4f710f3ae3,2017-12-23,9
150dd42e-c02a-41c6-94fc-3b1d8b581b62,2017-12-23,29
ecf16ba9-ac27-4dac-8acf-c3ea30741383,2017-12-23,8
5e9479bf-7f47-42bb-82eb-d519cb6e6b15,2017-12-23,32
5e9479bf-7f47-42bb-82eb-d519cb6e6b15,2017-12-23,25
5e9479bf-7f47-42bb-82eb-d519cb6e6b15,2017-12-23,8
7aca8c24-49b2-409f-a2d2-fc9d0880cfdd,2017-12-23,20
7aca8c24-49b2-409f-a2d2-fc9d0880cfdd,2017-12-23,7
7aca8c24-49b2-409f-a2d2-fc9d0880cfdd,2017-12-23,16
7aca8c24-49b2-409f-a2d2-fc9d0880cfdd,2017-12-23,23
7b814c11-453c-4334-8a93-2b89aebdf24c,2017-12-23,8
7b814c11-453c-4334-8a93-2b89aebdf24c,2017-12-23,10
7b814c11-453c-4334-8a93-2b89aebdf24c,2017-12-23,29
7b814c11-453c-4334-8a93-2b89aebdf24c,2017-12-23,30
e3245641-5598-464c-abd2-5bce9ac29186,2017-12-23,10
e3245641-5598-464c-abd2-5bce9ac29186,2017-12-23,19
e3245641-5598-464c-abd2-5bce9ac29186,2017-12-23,0
a81b65fd-ed55-454d-8dbf-623494f957a3,2017-12-23,2
a81b65fd-ed55-454d-8dbf-623494f957a3,2017-12-23,23
cda16299-ff41-4560-9c38-40a917c55909,2017-12-23,24
28cb380f-b65e-4697-84ab-88d8ac1915e3,2017-12-23,4
28cb380f-b65e-4697-84ab-88d8ac1915e3,2017-12-23,32
58ca11bb-9be5-43c0-99bf-950f8d1aceaf,2017-12-23,11
58ca11bb-9be5-43c0-99bf-950f8d1aceaf,2017-12-23,3
5c46dffa-c3f5-4b4e-958c-404ad555f2e9,2017-12-23,22
5c46dffa-c3f5-4b4e-958c-404ad555f2e9,2017-12-23,12
5c46dffa-c3f5-4b4e-958c-404ad555f2e9,2017-12-23,17
986edfd9-8724-49f2-ba95-2ec1ff1fe01b,2017-12-23,25
986edfd9-8724-49f2-ba95-2ec1ff1fe01b,2017-12-23,32
986edfd9-8724-49f2-ba95-2ec1ff1fe01b,2017-12-23,26
986edfd9-8724-49f2-ba95-2ec1ff1fe01b,2017-12-23,24
bf41f4db-fd00-406d-93ca-ef7ecbe0299c,2017-12-23,13
bf41f4db-fd00-406d-93ca-ef7ecbe0299c,2017-12-23,5
bf41f4db-fd00-406d-93ca-ef7ecbe0299c,2017-12-23,8
6a4a7c4a-ef13-44d8-82ba-ac82ad7a9a65,2017-12-23,5
6a4a7c4a-ef13-44d8-82ba-ac82ad7a9a65,2017-12-23,18
e0e2c962-6f9b-4022-96fe-859cb22c767d,2017-12-23,27
e0e2c962-6f9b-4022-96fe-859cb22c767d,2017-12-23,29
ccf2d1ab-8f9c-429c-ac0c-9f57be0fc39a,2017-12-23,7
ccf2d1ab-8f9c-429c-ac0c-9f57be0fc39a,2017-12-23,6
ccf2d1ab-8f9c-429c-ac0c-9f57be0fc39a,2017-12-23,12
ccf2d1ab-8f9c-429c-ac0c-9f57be0fc39a,2017-12-23,2
ccf2d1ab-8f9c-429c-ac0c-9f57be0fc39a,2017-12-23,16
2c2c7141-7b3e-4278-8f86-c0a8a9f0ed8e,2017-12-23,17
2c2c7141-7b3e-4278-8f86-c0a8a9f0ed8e,2017-12-23,10
bd403ae4-13c4-4216-9d2f-b304dc8e78d5,2017-12-23,2
bd403ae4-13c4-4216-9d2f-b304dc8e78d5,2017-12-23,28
bd403ae4-13c4-4216-9d2f-b304dc8e78d5,2017-12-23,21
bd403ae4-13c4-4216-9d2f-b304dc8e78d5,2017-12-23,31
bd403ae4-13c4-4216-9d2f-b304dc8e78d5,2017-12-23,5
18d83dbf-e409-435d-9e29-644a02b39860,2017-12-23,0
18d83dbf-e409-435d-9e29-644a02b39860,2017-12-23,1
18d83dbf-e409-435d-9e29-644a02b39860,2017-12-23,32
c076275d-3b0c-485e-b139-33baf3f8a88d,2017-12-23,32
c076275d-3b0c-485e-b139-33baf3f8a88d,2017-12-23,29
c076275d-3b0c-485e-b139-33baf3f8a88d,2017-12-23,20
c076275d-3b0c-485e-b139-33baf3f8a88d,2017-12-23,10
82631022-b319-4668-8495-05d00befeea7,2017-12-23,31
82631022-b319-4668-8495-05d00befeea7,2017-12-23,6
82631022-b319-4668-8495-05d00befeea7,2017-12-23,12
82631022-b319-4668-8495-05d00befeea7,2017-12-23,26
c42cbce4-e44a-4275-9eb0-af1befea3fd8,2017-12-23,12
c42cbce4-e44a-4275-9eb0-af1befea3fd8,2017-12-23,14
c42cbce4-e44a-4275-9eb0-af1befea3fd8,2017-12-23,7
